Click_Dog_Leash_Tan_1/Click_Dog_Leash_Tan_2/Click_Dog_Leash_Tan_3,Clic Dog Leash | Tan On Beige With Real Leather Trim,$129.90
DeWater_Dog_Leash_Blue_1/DeWater_Dog_Leash_Blue_2/DeWater_Dog_Leash_Blue_3,DeWater Dog Leash | Blue,$44.90
DeWater_Dog_Leash_Pink_1/DeWater_Dog_Leash_Pink_2/DeWater_Dog_Leash_Pink_3,DeWater Dog Leash | Pink,$44.90
Field_Leash_Navy_1/Field_Leash_Navy_2/Field_Leash_Navy_3,Field Leash | Navy,$39.90
Field_Leash_Yellow_1/Field_Leash_Yellow_2/Field_Leash_Yellow_3,Field Leash | Yellow,$39.90
Field_Leash_Orange_1/Field_Leash_Orange_2/Field_Leash_Orange_3,Field Leash | Orange,$39.90
Navy_Weather_Dog_Collar_1/Navy_Weather_Dog_Collar_2/Navy_Weather_Dog_Collar_3,Navy + Brass Weather Dog Collar,$53.90
Red_Cafe_Collar_1/Red_Cafe_Collar_2/Red_Cafe_Collar_3,Red Tartan + Brass Cafe Dog Collar,$53.90
Classic_Collar_Rose_1/Classic_Collar_Rose_2/Classic_Collar_Rose_3,Classic Collar | Rose,$68.90
X_Harness_Navy_1/X_Harness_Navy_2/X_Harness_Navy_3,Field X-Harness | Navy,$39.90
X_Harness_Yellow_1/X_Harness_Yellow_2/X_Harness_Yellow_3,Field X-Harness | Yellow,$39.90
X_Harness_Orange_1/X_Harness_Orange_2/X_Harness_Orange_3,Field X-Harness | Orange,$39.90