Woof_Dog_Bites_1/Woof_Dog_Bites_2/Woof_Dog_Bites_3,Woof Freeze Dried Dog Bites | Duck - Treats,$11.90
Gourmate_Calamari_1/Gourmate_Calamari_2/Gourmate_Calamari_3,Gourmate | Wild Caught Calamari - Treats,$15.90
Woof_Treat_Goat_1/Woof_Treat_Goat_2/Woof_Treat_Goat_3,Woof Freeze Dried Dog Treats | Wild Goat - Treats,$11.90
Gourmate_Liver_1/Gourmate_Liver_2/Gourmate_Liver_3,Gourmate | Angus Beef Liver - Treats,$15.90
RC_Puppy_Food_1/RC_Puppy_Food_2/RC_Puppy_Food_3,Royal Canin | Mini Puppy Food 2kg - Dry,$42.99
Euka_Adult_Food_1/Euka_Adult_Food_2/Euka_Adult_Food_3,Eukanuba | Adult Dog Food 15kg - Dry,$150.99
BH_Adult_Fish_1/BH_Adult_Fish_2/BH_Adult_Fish_3,Black Hawk | Fish & Potato Adult Dog Food 20kg - Dry,$199.99
BH_Adult_Lamb_1/BH_Adult_Lamb_2/BH_Adult_Lamb_3,Black Hawk | Lamb & Rice Adult Dog Food 20kg - Dry,"$192.99"
HS_Puppy_1/HS_Puppy_2/HS_Puppy_3,Hill's Science | Diet Puppy Large Breed Dog Food 12kg - Dry,$161.99
HS_Adult_Stew_1/HS_Adult_Stew_2/HS_Adult_Stew_3,Hill's Science | Diet Adult Savory Stew Beef & Vegetables Dog Food - Wet,$5.59
HS_Puppy_Stew_1/HS_Puppy_Stew_2/HS_Puppy_Stew_3,Hill's Science | Diet Puppy Savory Stew Chicken & Vegetables Dog Food- Wet,$5.59
BH_Adult_Wet_1/BH_Adult_Wet_2/BH_Adult_Wet_3,Black Hawk | Lamb Grain Free Dog Can 400g - Wet,$5.89