Andis_Blade_1/Andis_Blade_2/Andis_Blade_3,Andis Blade & Clipper Cleaning Brush,$6.46
Bamboo_Brush_1/Bamboo_Brush_2/Bamboo_Brush_3,Finecraft Brush Single Sided Bristle Bamboo Handle,$13.50
Shampoo_Massage_Brush_1/Shampoo_Massage_Brush_2/Shampoo_Massage_Brush_3,Smart Coat Shampoo Massage Brush Fine Green,$10.20
Fusion_Scissors_1/Fusion_Scissors_2/Fusion_Scissors_3,Asian Fusion Triple Pack Scissors,$120
Black_Pearl_1/Black_Pearl_2/Black_Pearl_3,Geib Black Pearl 7.5 Curved Scissor,$144
Wooden_1/Wooden_2/Wooden_3,Smart Coat Stripping 16 Blades,$25
DBSD_1/DBSD_2/DBSD_3,Double Sided Coat Stripper Fine/Coarse,$24.15
Opal_Clipper_1/Opal_Clipper_2/Opal_Clipper_3,Heiniger Clipper Opal ,$608.27
Wahl_1/Wahl_2/Wahl_3,Wahl KM10 Clipper,$430.30
Saphir_1/Saphir_2/Saphir_3,Heiniger Saphir Cordless Clipper Purple,$534.45
Slicker_1/Slicker_2/Slicker_3,SMART COAT  Slicker Brush Small Handle,$6.29
Curved_Slicker_1/Curved_Slicker_2/Curved_Slicker_3,Smart Coat Curved Slicker Brush Large Green Handle,$8.77