HONEY_POT_1/HONEY_POT_2/HONEY_POT_3,Honey Pot - Interactive Toy,$29.90
POPCORN_BUCKET_1/POPCORN_BUCKET_2/POPCORN_BUCKET_3,Popcorn Bucket - Interactive Toy,$29.90
TACO_1/TACO_2/TACO_3,Taco - Plush Toy,$14.90
DONNY_DINO_1/DONNY_DINO_2/DONNY_DINO_3,Donny Dinosaur - Tough Toy,$34.90
BOBA_1/BOBA_2/BOBA_3,Boba Milk Tea - Plush Toy,$19.90
DODO_1/DODO_2/DODO_3,Dodo Bird - Tough Toy,$34.90
BOLT_BITE_1/BOLT_BITE_2/BOLT_BITE_3,Bolt Bite - Play Together,$49.90
TWIST_TOSS_1/TWIST_TOSS_2/TWIST_TOSS_3,Twist Toss - Play Together,$49.90
TRIANGLE_TUG_1/TRIANGLE_TUG_2/TRIANGLE_TUG_3,Triangle Tug - Play Together,$60.90
SNAKE_1/SNAKE_2/SNAKE_3,Snack Snake - Treat Toy,$29.90
Toppl_1/Toppl_2/Toppl_3,Toppl - Treat Toy,$43.90
SUSHI_1/SUSHI_2/SUSHI_3,Sushi - Plush Toy,$14.90